Age [yr BP],NGRIP Depth [m],NGRIP d18O [o/oo]
20,7.35,-35.16
40,14.15,-35.82
60,20.4,-35.11
80,26.1,-34.65
100,31.53,-34.53
120,36.83,-35.29
140,42.05,-35.02
160,46.95,-35.02
180,51.75,-35.78
200,56.33,-35.16
220,60.83,-35.61
240,65.13,-35.12
260,69.35,-35.79
280,73.6,-35.82
300,77.6,-35.36
320,81.75,-36.05
340,85.65,-35.39
360,89.55,-36.14
380,93.48,-35.33
400,97.43,-35.35
420,101.4,-35.72
440,105.28,-35.03
460,109.1,-35.61
480,112.88,-35.82
500,116.7,-34.93
520,120.43,-35.07
540,124.05,-35.87
560,128.18,-35.13
580,131.88,-34.98
600,135.73,-35.05
620,139.4,-35.53
640,143.18,-34.86
660,146.93,-35.25
680,150.7,-36.43
700,154.33,-35.07
720,157.73,-35.2
740,161.38,-35.49
760,165.13,-35.67
780,168.63,-35.4
800,172,-35.15
820,175.6,-35.8
840,179.23,-35.34
860,182.83,-35.62
880,186.55,-35.37
900,190.18,-35.59
920,193.98,-35.14
940,197.35,-35.45
960,200.75,-35.61
980,204.3,-35.92
1000,207.85,-34.96
1020,211.48,-35.24
1040,215.08,-35.02
1060,218.68,-35
1080,222.2,-34.98
1100,225.8,-35.41
1120,229.38,-35.73
1140,232.98,-35.35
1160,236.38,-35.75
1180,239.98,-35.45
1200,243.35,-35.34
1220,247,-35.38
1240,250.6,-35.27
1260,254.2,-35.15
1280,257.73,-35.33
1300,261.18,-35.33
1320,264.53,-35.27
1340,268.1,-35.14
1360,271.55,-34.69
1380,274.98,-35.44
1400,278.7,-35.26
1420,282.23,-35.14
1440,285.55,-35.28
1460,289.23,-34.43
1480,292.7,-35.78
1500,296.25,-35.33
1520,299.7,-35.83
1540,303.28,-35.39
1560,306.7,-35.35
1580,310.13,-35.74
1600,313.55,-34.46
1620,316.98,-34.64
1640,320.4,-35.27
1660,323.78,-35.86
1680,327.23,-35.49
1700,330.78,-35.27
1720,334.05,-35.8
1740,337.43,-34.93
1760,340.7,-35.55
1780,344.13,-35.9
1800,347.68,-35.44
1820,351,-35.47
1840,354.04,-35.37
1860,357.49,-35.04
1880,360.91,-35.39
1900,364.34,-34.49
1920,367.72,-35.07
1940,370.57,-34.43
1960,373.97,-34.71
1980,377.78,-35.1
2000,381.49,-35.32
2020,384.6,-35.11
2040,388.47,-34.79
2060,391.47,-35.35
2080,395.05,-34.95
2100,398.38,-34.89
2120,401.53,-35.07
2140,405.18,-35.46
2160,408.51,-35.18
2180,411.73,-36.07
2200,414.83,-35.76
2220,418.06,-35.2
2240,421.46,-35.26
2260,424.47,-34.84
2280,427.77,-34.57
2300,431.03,-34.81
2320,434.32,-35.11
2340,437.76,-34.94
2360,440.88,-35.09
2380,444.21,-35.26
2400,447.57,-35.08
2420,450.97,-34.68
2440,454.01,-34.86
2460,457.23,-35.32
2480,460.43,-35.88
2500,463.51,-35.48
2520,466.55,-35.71
2540,469.85,-34.83
2560,472.87,-35.24
2580,476.1,-34.84
2600,479.35,-35.43
2620,482.6,-35.06
2640,485.8,-35.41
2660,489.17,-35.14
2680,492.12,-35.14
2700,495.41,-35.43
2720,498.71,-35.32
2740,501.78,-35.12
2760,505.33,-35.1
2780,508.48,-34.83
2800,511.93,-34.91
2820,514.9,-34.99
2840,517.85,-34.92
2860,520.77,-34.63
2880,524.12,-35.49
2900,527.42,-35.2
2920,530.64,-34.98
2940,533.83,-34.81
2960,537.17,-34.38
2980,540.47,-34.81
3000,543.62,-34.85
3020,546.74,-34.79
3040,549.87,-35.45
3060,552.82,-35.14
3080,555.91,-34.94
3100,558.87,-35.14
3120,562.1,-34.97
3140,564.9,-34.87
3160,567.71,-35.04
3180,570.64,-35.26
3200,573.67,-34.54
3220,576.95,-35.25
3240,579.97,-35.28
3260,583.19,-34.76
3280,586.34,-35.54
3300,589.48,-35.25
3320,592.26,-35.24
3340,595.5,-34.89
3360,598.44,-34.29
3380,601.36,-34.98
3400,604.69,-35.42
3420,607.89,-34.66
3440,610.92,-34.8
3460,613.93,-34.67
3480,616.92,-35.19
3500,619.98,-35.28
3520,622.86,-34.75
3540,625.87,-35.1
3560,628.99,-35.42
3580,632.01,-34.77
3600,634.92,-34.63
3620,637.89,-35.09
3640,640.99,-35.18
3660,644.05,-34.93
3680,647.02,-34.28
3700,650,-34.71
3720,653.05,-34.68
3740,656.12,-34.41
3760,659.08,-34.65
3780,662.09,-35.36
3800,664.95,-35.27
3820,667.95,-34.78
3840,670.98,-35.01
3860,674.26,-35.17
3880,677.07,-35.36
3900,680.06,-34.9
3920,682.84,-35.34
3940,685.65,-35.16
3960,688.47,-34.85
3980,691.68,-35.12
4000,694.49,-34.96
4020,697.32,-35.14
4040,700.63,-34.41
4060,704.11,-35.2
4080,706.92,-34.74
4100,710.13,-35.53
4120,713.11,-35.14
4140,715.86,-34.87
4160,718.63,-35.2
4180,721.41,-34.72
4200,724.12,-34.76
4220,726.81,-34.5
4240,729.63,-34.78
4260,732.59,-35.01
4280,735.13,-35.26
4300,738.22,-34.92
4320,740.98,-34.63
4340,744,-34.79
4360,746.65,-34.75
4380,749.44,-35
4400,752.45,-35.47
4420,755.34,-35.2
4440,758.01,-34.76
4460,760.81,-34.06
4480,763.36,-34.8
4500,765.89,-35.15
4520,768.33,-34.83
4540,770.94,-35.27
4560,773.61,-34.83
4580,776.64,-34.21
4600,779.48,-34.57
4620,782.39,-34.51
4640,784.91,-35.05
4660,787.9,-34.69
4680,790.63,-35.21
4700,793.03,-35.02
4720,795.69,-34.71
4740,798.64,-34.79
4760,800.95,-35.09
4780,804.14,-34.54
4800,807.06,-34.82
4820,809.86,-34.66
4840,812.37,-34.93
4860,814.86,-34.42
4880,817.78,-34.89
4900,820.2,-34.79
4920,822.79,-34.65
4940,825.43,-34.55
4960,827.85,-34.57
4980,830.52,-34.08
5000,833.42,-34.92
5020,835.93,-34.79
5040,838.83,-34.53
5060,841.59,-34.8
5080,844.2,-34.63
5100,846.81,-34.84
5120,850.05,-34.64
5140,852.79,-35.11
5160,855.68,-34.73
5180,858.5,-35.05
5200,861.14,-33.85
5220,863.91,-34.63
5240,866.83,-34.9
5260,869.41,-34.74
5280,872.14,-34.56
5300,874.64,-35.27
5320,877.24,-35.03
5340,879.73,-34.77
5360,882.13,-35.39
5380,885.06,-34.96
5400,887.67,-34.78
5420,890.47,-35.1
5440,893,-34.35
5460,895.73,-34.81
5480,898.46,-34.91
5500,901.2,-34.47
5520,903.83,-34.53
5540,906.5,-34.7
5560,909.22,-34.36
5580,911.77,-34.22
5600,914.42,-35.06
5620,917.03,-34.78
5640,919.58,-35.19
5660,922.16,-33.88
5680,924.65,-35.2
5700,927.19,-35.18
5720,929.55,-34.51
5740,931.99,-35.25
5760,934.79,-34.69
5780,937.22,-34.71
5800,939.77,-34.55
5820,942.18,-34.5
5840,944.93,-34.71
5860,947.43,-35.02
5880,950.12,-34.71
5900,953.03,-33.95
5920,955.55,-34.2
5940,958.09,-34.61
5960,960.18,-34.91
5980,962.78,-34.73
6000,965.21,-34.85
6020,967.97,-35.03
6040,970.27,-34.77
6060,972.71,-34.78
6080,975.29,-35.49
6100,977.83,-34.27
6120,980.04,-35.17
6140,982.61,-34.71
6160,985.21,-34.39
6180,987.78,-34.42
6200,989.94,-34.89
6220,992.39,-34.89
6240,994.99,-34.58
6260,997.45,-34.6
6280,1000.34,-35.13
6300,1002.84,-34.38
6320,1005.35,-35.2
6340,1007.78,-34.55
6360,1010.77,-34.6
6380,1013.29,-34.86
6400,1015.62,-34.99
6420,1018.21,-34.23
6440,1020.62,-34.62
6460,1022.89,-34.07
6480,1025.55,-34.97
6500,1027.6,-34.32
6520,1029.94,-34.5
6540,1032.45,-34.53
6560,1034.79,-35.01
6580,1037.43,-34.97
6600,1039.75,-34.98
6620,1042.22,-34.45
6640,1044.88,-34.37
6660,1047.34,-34.61
6680,1049.75,-34.57
6700,1052.32,-34.74
6720,1054.83,-34.37
6740,1057.53,-34.49
6760,1060.01,-34.52
6780,1062.56,-34.58
6800,1064.83,-35.12
6820,1067.2,-34.69
6840,1069.6,-34.32
6860,1072.08,-34.36
6880,1074.49,-34.72
6900,1077.09,-34.56
6920,1079.59,-34.97
6940,1082.24,-34.32
6960,1084.41,-34.26
6980,1086.53,-35.11
7000,1088.77,-34.73
7020,1091.33,-34.47
7040,1093.71,-34.82
7060,1095.88,-34.9
7080,1098.2,-34.77
7100,1100.75,-34.4
7120,1103.61,-34.95
7140,1106,-34.97
7160,1108.25,-34.36
7180,1110.46,-35.28
7200,1112.82,-34.74
7220,1115.24,-34.68
7240,1117.64,-34.93
7260,1119.92,-34.87
7280,1122.07,-34.12
7300,1124.25,-34.84
7320,1126.65,-34.99
7340,1129.13,-34.73
7360,1131.51,-34.64
7380,1134.16,-34.74
7400,1136.34,-34.31
7420,1138.52,-34.55
7440,1141.01,-34.62
7460,1143.07,-34.5
7480,1145.4,-34.44
7500,1147.83,-33.88
7520,1150.16,-34.77
7540,1152.66,-34.78
7560,1155.07,-35.04
7580,1157.29,-34.34
7600,1159.81,-34.52
7620,1162.23,-34.08
7640,1164.07,-34.01
7660,1166.38,-34.88
7680,1168.31,-33.9
7700,1170.54,-34.01
7720,1173.11,-34.65
7740,1175.36,-34.26
7760,1177.35,-34.09
7780,1179.41,-34.75
7800,1182.27,-34.35
7820,1184.71,-34.13
7840,1186.97,-33.76
7860,1189.47,-34.35
7880,1191.64,-34.4
7900,1194.1,-34.62
7920,1196.22,-34.98
7940,1198.38,-34.51
7960,1200.51,-34.78
7980,1202.58,-34.83
8000,1204.84,-33.6
8020,1207.12,-34.04
8040,1209.33,-34.4
8060,1211.48,-34.43
8080,1213.51,-35.05
8100,1215.53,-34.51
8120,1217.62,-34.5
8140,1219.47,-33.96
8160,1221.56,-35.44
8180,1223.46,-35.68
8200,1225.46,-35.54
8220,1227.26,-36.06
8240,1228.99,-35.88
8260,1230.56,-36.03
8280,1232.53,-35.21
8300,1234.78,-35.68
8320,1237.16,-34.5
8340,1239.2,-34.7
8360,1241.04,-34.87
8380,1242.94,-34.95
8400,1244.84,-34.41
8420,1246.74,-35.36
8440,1248.7,-34.79
8460,1250.75,-34.46
8480,1252.59,-35.07
8500,1254.39,-34.7
8520,1256.5,-34.43
8540,1258.4,-34.83
8560,1260.45,-34.99
8580,1262.41,-34.59
8600,1264.2,-34.35
8620,1266.07,-34.83
8640,1267.97,-34.18
8660,1269.66,-35.02
8680,1271.79,-35.46
8700,1273.68,-35.21
8720,1275.67,-34.01
8740,1277.56,-34.92
8760,1279.4,-34.49
8780,1281.18,-35.34
8800,1283.04,-34.22
8820,1285.07,-35.57
8840,1286.76,-35.22
8860,1288.68,-34.08
8880,1290.44,-35.15
8900,1292.17,-34.57
8920,1294.04,-34.17
8940,1295.85,-34.3
8960,1297.54,-34.71
8980,1299.74,-34.57
9000,1301.54,-34.47
9020,1303.4,-34.68
9040,1305.08,-35.57
9060,1306.82,-35.18
9080,1308.46,-34.92
9100,1310.23,-34.73
9120,1312.12,-34.61
9140,1313.93,-34.98
9160,1315.62,-34.47
9180,1317.55,-34.34
9200,1319.24,-34.7
9220,1321.01,-34.83
9240,1322.88,-34.92
9260,1324.4,-35.62
9280,1326.11,-35.66
9300,1327.73,-36.05
9320,1329.25,-35.19
9340,1330.87,-35.04
9360,1332.57,-34.91
9380,1334.36,-34.56
9400,1336.18,-34.87
9420,1337.81,-34.8
9440,1339.56,-34.83
9460,1341.22,-35.12
9480,1342.94,-35.12
9500,1344.72,-34.92
9520,1346.41,-34.66
9540,1347.87,-35.01
9560,1349.52,-34.56
9580,1351.16,-34.98
9600,1352.67,-35.13
9620,1354.48,-34.95
9640,1356.13,-34.77
9660,1357.78,-34.96
9680,1359.35,-34.85
9700,1360.87,-34.84
9720,1362.51,-34.62
9740,1364.19,-34.68
9760,1365.83,-34.87
9780,1367.39,-34.66
9800,1369.07,-34.49
9820,1370.71,-35.12
9840,1371.87,-35.37
9860,1373.44,-35.22
9880,1375.15,-34.54
9900,1376.7,-35.06
9920,1378.2,-35.26
9940,1379.72,-34.85
9960,1381.21,-35.46
9980,1382.79,-34.65
10000,1384.34,-35.1
10020,1385.88,-34.94
10040,1387.37,-35.11
10060,1388.82,-35.79
10080,1390.23,-35.21
10100,1391.72,-35.32
10120,1393.18,-35.29
10140,1394.61,-35.45
10160,1396.05,-34.99
10180,1397.61,-35.02
10200,1399.13,-34.89
10220,1400.55,-35.93
10240,1402.07,-35.54
10260,1403.52,-36.33
10280,1405.04,-36.39
10300,1406.44,-36.01
10320,1407.91,-36.01
10340,1409.42,-35.2
10360,1410.77,-36.12
10380,1412.14,-36.18
10400,1413.48,-36.36
10420,1414.8,-35.96
10440,1416.18,-36.12
10460,1417.5,-36.04
10480,1418.84,-35.53
10500,1420.22,-36.34
10520,1421.55,-35.46
10540,1422.87,-35.73
10560,1424.23,-35.86
10580,1425.59,-35.99
10600,1426.93,-35.89
10620,1428.22,-36.12
10640,1429.54,-36.13
10660,1430.85,-36.16
10680,1432.22,-35.5
10700,1433.5,-35.77
10720,1434.84,-36.05
10740,1436.11,-36.45
10760,1437.43,-35.88
10780,1438.71,-36.22
10800,1439.92,-36.83
10820,1441.16,-35.84
10840,1442.44,-36.59
10860,1443.8,-36.09
10880,1445.12,-37.23
10900,1446.33,-37.6
10920,1447.53,-37.25
10940,1448.64,-37.15
10960,1449.92,-37
10980,1451.03,-38.01
11000,1452.29,-36.53
11020,1453.54,-37.05
11040,1454.75,-36.44
11060,1455.98,-36.64
11080,1457.18,-36.89
11100,1458.38,-37.11
11120,1459.59,-36.71
11140,1460.85,-36.43
11160,1461.97,-37.13
11180,1463.16,-36.62
11200,1464.37,-37.25
11220,1465.52,-37.39
11240,1466.67,-37.6
11260,1467.9,-36.57
11280,1469.13,-36.16
11300,1470.36,-36.58
11320,1471.51,-37.54
11340,1472.66,-36.67
11360,1473.88,-36.91
11380,1475.02,-37.45
11400,1476.16,-37.63
11420,1477.23,-37.11
11440,1478.16,-38.46
11460,1479.15,-38.26
11480,1480.13,-38.72
11500,1481.24,-37.41
11520,1482.32,-37.84
11540,1483.41,-36.9
11560,1484.59,-36.6
11580,1485.69,-36.87
11600,1486.95,-36.78
11620,1488.1,-36.41
11640,1489.26,-36.57
11660,1490.44,-36.68
11680,1491.45,-38.49
11700,1492.33,-39.04
11720,1492.94,-39.6
11740,1493.62,-39.72
11760,1494.26,-40.85
11780,1494.85,-40.55
11800,1495.43,-39.87
11820,1496.06,-40.45
11840,1496.68,-40.97
11860,1497.25,-39.17
11880,1497.81,-38.93
11900,1498.35,-41.52
11920,1498.93,-39.73
11940,1499.53,-41.94
11960,1500.15,-40.34
11980,1500.74,-41.54
12000,1501.29,-40.54
12020,1501.85,-39.6
12040,1502.51,-40.17
12060,1503.09,-39.32
12080,1503.65,-40.77
12100,1504.25,-40.74
12120,1504.78,-41.89
12140,1505.35,-40.61
12160,1505.87,-41.76
12180,1506.37,-42.09
12200,1506.94,-38.91
12220,1507.49,-41.4
12240,1508.03,-40.9
12260,1508.58,-39.9
12280,1509.2,-40.71
12300,1509.74,-41.01
12320,1510.29,-40.41
12340,1510.78,-40.95
12360,1511.34,-41.73
12380,1511.83,-41.17
12400,1512.41,-40.73
12420,1512.95,-41.21
12440,1513.56,-41.05
12460,1514.2,-41.39
12480,1514.75,-40.02
12500,1515.27,-41.91
12520,1515.84,-40.62
12540,1516.38,-39.09
12560,1516.89,-40.95
12580,1517.46,-40.54
12600,1517.94,-41.43
12620,1518.39,-42.71
12640,1518.9,-40.59
12660,1519.5,-41.82
12680,1520.04,-40.92
12700,1520.59,-42.27
12720,1521.21,-41.82
12740,1521.82,-41.95
12760,1522.36,-41.06
12780,1522.91,-39.86
12800,1523.44,-40.17
12820,1524.02,-40.36
12840,1524.7,-39.88
12860,1525.3,-38.98
12880,1525.94,-39.81
12900,1526.67,-40.11
12920,1527.42,-39.42
12940,1528.24,-37.79
12960,1528.98,-38.25
12980,1529.76,-39.11
13000,1530.73,-38.96
13020,1531.5,-39.87
13040,1532.26,-39.55
13060,1533.12,-39.49
13080,1533.86,-40.52
13100,1534.55,-39.77
13120,1535.21,-40.57
13140,1535.89,-40.17
13160,1536.56,-41.51
13180,1537.23,-40.08
13200,1537.94,-40.53
13220,1538.64,-40.1
13240,1539.37,-40.58
13260,1540,-39.45
13280,1540.8,-39.3
13300,1541.65,-38.97
13320,1542.48,-39.03
13340,1543.37,-39.35
13360,1544.2,-39.07
13380,1545.02,-38.56
13400,1545.94,-38.36
13420,1546.78,-38.76
13440,1547.75,-38.14
13460,1548.55,-38.56
13480,1549.46,-38.79
13500,1550.33,-38.33
13520,1551.27,-37.74
13540,1552.17,-38.08
13560,1553.16,-38.29
13580,1553.95,-38.99
13600,1554.75,-39.36
13620,1555.5,-39.64
13640,1556.26,-40.05
13660,1557.08,-39.21
13680,1557.89,-39.09
13700,1558.84,-38.67
13720,1559.72,-38.93
13740,1560.62,-37.66
13760,1561.51,-38.45
13780,1562.43,-39.42
13800,1563.36,-38.81
13820,1564.34,-37.86
13840,1565.2,-39.05
13860,1566.16,-37.96
13880,1567.16,-38
13900,1568.06,-38.43
13920,1568.98,-38.21
13940,1569.95,-38.61
13960,1570.75,-38.03
13980,1571.51,-39.99
14000,1572.26,-39.03
14020,1572.97,-39.73
14040,1573.59,-40.21
14060,1574.28,-39.9
14080,1575.03,-40.94
14100,1575.9,-38.05
14120,1576.77,-38.34
14140,1577.59,-38.01
14160,1578.54,-38.68
14180,1579.3,-38.04
14200,1580.19,-37.59
14220,1581.18,-37.46
14240,1582.16,-38.42
14260,1583.16,-37.76
14280,1584.06,-37.19
14300,1585.16,-37.13
14320,1586.22,-37.05
14340,1587.24,-37.54
14360,1588.24,-36.81
14380,1589.2,-37.49
14400,1590.16,-36.07
14420,1591.12,-37.17
14440,1592.08,-37.29
14460,1593.14,-37.04
14480,1594.21,-36.86
14500,1595.05,-36.26
14520,1596.12,-36.11
14540,1597.21,-36.14
14560,1598.32,-36.14
14580,1599.47,-36.98
14600,1600.52,-35.81
14620,1601.4,-36.74
14640,1602.32,-37.48
14660,1603.31,-37.52
14680,1604.17,-37.97
14700,1604.89,-40.64
14720,1605.38,-41.96
14740,1605.96,-42.47
14760,1606.49,-40.81
14780,1607.08,-41.03
14800,1607.68,-39.92
14820,1608.28,-40.68
14840,1608.8,-42.44
14860,1609.36,-40.78
14880,1609.88,-41.18
14900,1610.39,-40.14
14920,1610.9,-41.47
14940,1611.37,-41.76
14960,1611.83,-41.65
14980,1612.3,-40.88
15000,1612.83,-42.61
15020,1613.32,-42.37
15040,1613.72,-41.54
15060,1614.18,-43.17
15080,1614.66,-39.98
15100,1615.13,-43.51
15120,1615.55,-42.76
15140,1615.98,-40.12
15160,1616.39,-42.26
15180,1616.84,-42.99
15200,1617.32,-42.08
15220,1617.73,-40.57
15240,1618.18,-43.57
15260,1618.67,-40.55
15280,1619.12,-44.91
15300,1619.63,-41.99
15320,1620.11,-41.29
15340,1620.56,-42.08
15360,1621.02,-40.75
15380,1621.45,-40.66
15400,1621.92,-40.04
15420,1622.38,-43.26
15440,1622.83,-42.38
15460,1623.27,-42.89
15480,1623.77,-41.61
15500,1624.25,-41.95
15520,1624.71,-43.57
15540,1625.17,-41.88
15560,1625.6,-43.21
15580,1626.03,-44.56
15600,1626.44,-42.31
15620,1626.87,-42.15
15640,1627.34,-42.12
15660,1627.74,-42.2
15680,1628.16,-40.39
15700,1628.56,-43.5
15720,1628.98,-43.08
15740,1629.41,-44.63
15760,1629.81,-42.79
15780,1630.21,-44.02
15800,1630.6,-43.85
15820,1631.06,-40.21
15840,1631.51,-41.7
15860,1631.99,-41.15
15880,1632.52,-40.81
15900,1632.96,-43.15
15920,1633.38,-42.98
15940,1633.83,-41.55
15960,1634.32,-40.53
15980,1634.76,-41.6
16000,1635.26,-41.94
16020,1635.7,-42.3
16040,1636.21,-41.42
16060,1636.66,-41.29
16080,1637.12,-42.99
16100,1637.54,-44.97
16120,1637.99,-43.25
16140,1638.43,-40.35
16160,1638.85,-43.59
16180,1639.3,-41.86
16200,1639.76,-41.64
16220,1640.23,-44.27
16240,1640.66,-39.89
16260,1641.06,-42.36
16280,1641.51,-41.99
16300,1641.94,-40.71
16320,1642.37,-42.1
16340,1642.79,-42.33
16360,1643.27,-42.5
16380,1643.76,-39.74
16400,1644.22,-42.81
16420,1644.71,-41.62
16440,1645.15,-40.74
16460,1645.64,-42.58
16480,1646.11,-41.26
16500,1646.55,-41.18
16520,1646.99,-38.29
16540,1647.48,-40.38
16560,1647.9,-41.68
16580,1648.3,-41.52
16600,1648.75,-40.58
16620,1649.2,-42.77
16640,1649.73,-42.78
16660,1650.24,-40.88
16680,1650.75,-41.55
16700,1651.2,-40.65
16720,1651.66,-42.69
16740,1652.1,-39.36
16760,1652.56,-40.72
16780,1653.03,-41.8
16800,1653.52,-40.92
16820,1653.96,-39.26
16840,1654.49,-40.64
16860,1654.97,-39.46
16880,1655.41,-40.35
16900,1655.84,-40.3
16920,1656.28,-42.1
16940,1656.66,-41.25
16960,1657.11,-42.41
16980,1657.54,-40.69
17000,1658.02,-42.12
17020,1658.5,-40.42
17040,1658.94,-42.23
17060,1659.44,-40
17080,1659.92,-39.76
17100,1660.37,-38.99
17120,1660.89,-42.35
17140,1661.36,-39.8
17160,1661.88,-40.26
17180,1662.31,-40.48
17200,1662.8,-40.56
17220,1663.28,-40.17
17240,1663.78,-41.24
17260,1664.18,-42.24
17280,1664.59,-39.81
17300,1665.04,-39.8
17320,1665.49,-41.58
17340,1665.89,-40.55
17360,1666.33,-40.64
17380,1666.86,-39.94
17400,1667.31,-41.25
17420,1667.78,-42.94
17440,1668.19,-42.38
17460,1668.65,-41.52
17480,1669.09,-40.75
17500,1669.55,-40.72
17520,1669.95,-41.49
17540,1670.38,-41.22
17560,1670.8,-38.85
17580,1671.2,-40.46
17600,1671.65,-41.85
17620,1672.12,-39.58
17640,1672.61,-39.7
17660,1673.08,-40.89
17680,1673.63,-40.04
17700,1674.11,-40.7
17720,1674.49,-42.53
17740,1674.92,-41.35
17760,1675.35,-41.31
17780,1675.8,-41.04
17800,1676.27,-40.9
17820,1676.8,-38.95
17840,1677.31,-41.45
17860,1677.78,-42.4
17880,1678.2,-43.36
17900,1678.67,-41.14
17920,1679.16,-40.93
17940,1679.64,-42.52
17960,1680.05,-41.74
17980,1680.47,-43.47
18000,1680.96,-42.27
18020,1681.39,-42.68
18040,1681.82,-41.83
18060,1682.25,-40.5
18080,1682.64,-42.77
18100,1683.07,-42.9
18120,1683.57,-42.77
18140,1684.07,-42.99
18160,1684.55,-40.6
18180,1685.06,-40.68
18200,1685.55,-40.98
18220,1686.04,-42.25
18240,1686.5,-41.83
18260,1686.95,-41.63
18280,1687.35,-44.35
18300,1687.86,-42.17
18320,1688.35,-40.74
18340,1688.78,-43.78
18360,1689.23,-42.4
18380,1689.66,-43.02
18400,1690.04,-42.35
18420,1690.43,-41.89
18440,1690.92,-42.12
18460,1691.32,-42.25
18480,1691.75,-42.82
18500,1692.19,-40.04
18520,1692.67,-42.21
18540,1693.11,-41.75
18560,1693.54,-39.92
18580,1693.97,-40.92
18600,1694.41,-42.85
18620,1694.92,-41.37
18640,1695.36,-40.41
18660,1695.82,-40.96
18680,1696.29,-40.12
18700,1696.74,-41.7
18720,1697.18,-41.13
18740,1697.67,-41.01
18760,1698.13,-42.66
18780,1698.59,-42.25
18800,1699.01,-41.46
18820,1699.51,-41.24
18840,1700,-40.87
18860,1700.51,-41.97
18880,1700.94,-40.39
18900,1701.38,-40.26
18920,1701.82,-42.36
18940,1702.27,-42.09
18960,1702.68,-40.85
18980,1703.14,-42.11
19000,1703.56,-41.29
19020,1703.99,-42.16
19040,1704.42,-40.04
19060,1704.87,-42.61
19080,1705.33,-41.81
19100,1705.76,-42.03
19120,1706.18,-41.5
19140,1706.68,-42.48
19160,1707.08,-42.75
19180,1707.55,-41.38
19200,1708.02,-43.74
19220,1708.4,-42.52
19240,1708.82,-40.54
19260,1709.27,-43.75
19280,1709.72,-41.23
19300,1710.14,-42.72
19320,1710.58,-40.42
19340,1711.04,-41.28
19360,1711.47,-41.68
19380,1711.88,-41.75
19400,1712.33,-42.86
19420,1712.79,-43.07
19440,1713.29,-42.36
19460,1713.72,-40.85
19480,1714.18,-41.35
19500,1714.61,-42.17
19520,1715.1,-41.37
19540,1715.54,-42.65
19560,1716.03,-40.93
19580,1716.53,-42.56
19600,1716.99,-40.46
19620,1717.4,-40.83
19640,1717.83,-40.89
19660,1718.29,-41.84
19680,1718.67,-39.93
19700,1719.11,-41.5
19720,1719.51,-42.05
19740,1719.89,-41.43
19760,1720.28,-41.4
19780,1720.73,-41.63
19800,1721.17,-42.8
19820,1721.64,-43.02
19840,1722.09,-41.4
19860,1722.54,-40.22
19880,1723.03,-40.69
19900,1723.44,-41.43
19920,1723.9,-40.66
19940,1724.34,-41.6
19960,1724.81,-42.62
19980,1725.24,-42.14
20000,1725.63,-42.66
20020,1726.07,-41.97
20040,1726.48,-41.69
20060,1726.96,-42.76
20080,1727.42,-42.71
20100,1727.81,-41.33
20120,1728.24,-42.68
20140,1728.67,-42.01
20160,1729.12,-42.6
20180,1729.56,-42.19
20200,1730.04,-42.79
20220,1730.55,-40.37
20240,1731,-41.4
20260,1731.47,-42.46
20280,1731.96,-42.54
20300,1732.41,-41.92
20320,1732.92,-42.38
20340,1733.32,-43.13
20360,1733.76,-41.86
20380,1734.14,-43.12
20400,1734.57,-44.51
20420,1735.04,-42.45
20440,1735.43,-43.21
20460,1735.82,-43.52
20480,1736.26,-42.04
20500,1736.75,-41.92
20520,1737.16,-43.2
20540,1737.61,-43.36
20560,1738.09,-44.97
20580,1738.51,-42.52
20600,1738.97,-42.06
20620,1739.44,-41.89
20640,1739.86,-42.42
20660,1740.31,-40.62
20680,1740.77,-40.09
20700,1741.14,-43.6
20720,1741.54,-42.12
20740,1741.97,-39.93
20760,1742.43,-42.75
20780,1742.87,-42.39
20800,1743.32,-42.98
20820,1743.7,-40.72
20840,1744.13,-43.35
20860,1744.54,-42.55
20880,1744.94,-42.08
20900,1745.31,-43.27
20920,1745.74,-42.27
20940,1746.13,-43.93
20960,1746.52,-42.95
20980,1746.92,-43.09
21000,1747.3,-44.85
21020,1747.68,-43.5
21040,1748.07,-42.52
21060,1748.43,-42.26
21080,1748.81,-43.68
21100,1749.18,-43.31
21120,1749.54,-42.63
21140,1749.92,-41.83
21160,1750.29,-42.08
21180,1750.69,-41.92
21200,1751.11,-43.89
21220,1751.5,-42.88
21240,1751.91,-43.91
21260,1752.32,-42.58
21280,1752.71,-42.68
21300,1753.09,-41.02
21320,1753.45,-41.96
21340,1753.85,-42.42
21360,1754.28,-43.83
21380,1754.64,-42.06
21400,1755,-42.52
21420,1755.37,-43.75
21440,1755.75,-41.22
21460,1756.14,-42.34
21480,1756.55,-43.06
21500,1756.9,-44.58
21520,1757.26,-41.88
21540,1757.68,-42.04
21560,1758.04,-42.86
21580,1758.4,-42.1
21600,1758.76,-41.02
21620,1759.18,-42.87
21640,1759.55,-41.93
21660,1759.91,-43.4
21680,1760.26,-42.04
21700,1760.62,-41.6
21720,1761.02,-44.16
21740,1761.43,-43.94
21760,1761.8,-42.49
21780,1762.17,-43.68
21800,1762.53,-43.51
21820,1762.91,-43.1
21840,1763.29,-42.76
21860,1763.67,-43.59
21880,1764.07,-43.13
21900,1764.45,-41.36
21920,1764.86,-41.9
21940,1765.26,-42.24
21960,1765.62,-42.45
21980,1765.99,-42.68
22000,1766.36,-42.6
22020,1766.71,-42.55
22040,1767.07,-41.88
22060,1767.43,-40.51
22080,1767.79,-43.27
22100,1768.18,-40.99
22120,1768.5,-43.28
22140,1768.89,-42.03
22160,1769.23,-41
22180,1769.61,-42.17
22200,1770,-41.51
22220,1770.39,-41.53
22240,1770.73,-41.15
22260,1771.13,-41.44
22280,1771.49,-42.32
22300,1771.81,-42.41
22320,1772.21,-43.05
22340,1772.58,-42.69
22360,1772.95,-41.05
22380,1773.33,-43.67
22400,1773.74,-42.38
22420,1774.12,-43.47
22440,1774.53,-42.36
22460,1774.91,-42.51
22480,1775.33,-41.82
22500,1775.76,-42
22520,1776.15,-43.97
22540,1776.59,-43.04
22560,1776.96,-42.77
22580,1777.33,-42.05
22600,1777.75,-42.34
22620,1778.12,-41.7
22640,1778.51,-42.74
22660,1778.9,-42.96
22680,1779.27,-43.02
22700,1779.66,-43.31
22720,1780.04,-42.72
22740,1780.48,-40.56
22760,1780.91,-40.83
22780,1781.31,-40.19
22800,1781.74,-42.56
22820,1782.12,-41.26
22840,1782.46,-42.21
22860,1782.84,-41.82
22880,1783.24,-43.69
22900,1783.62,-42.37
22920,1784.03,-41.04
22940,1784.47,-42.02
22960,1784.96,-40.35
22980,1785.42,-41.31
23000,1785.85,-41.83
23020,1786.28,-42.79
23040,1786.65,-42.06
23060,1787.07,-41.94
23080,1787.52,-42.18
23100,1787.94,-43.6
23120,1788.31,-43.04
23140,1788.78,-42.03
23160,1789.21,-41.85
23180,1789.59,-42.78
23200,1789.92,-41.48
23220,1790.26,-41.17
23240,1790.68,-41.93
23260,1791.16,-41.22
23280,1791.63,-40.28
23300,1792.16,-39.11
23320,1792.62,-40.34
23340,1793.19,-40.04
23360,1793.69,-41.21
23380,1794.08,-42.47
23400,1794.49,-42.83
23420,1794.88,-44.36
23440,1795.27,-42.78
23460,1795.64,-42.41
23480,1795.98,-41.87
23500,1796.35,-42.04
23520,1796.72,-44.64
23540,1797.07,-44.12
23560,1797.36,-44.64
23580,1797.67,-44.25
23600,1798.03,-41.8
23620,1798.4,-44.75
23640,1798.71,-44.64
23660,1799.03,-42.81
23680,1799.34,-43.13
23700,1799.67,-44.55
23720,1799.97,-45.29
23740,1800.31,-43.41
23760,1800.63,-41.51
23780,1800.95,-44.11
23800,1801.27,-43.95
23820,1801.58,-43.84
23840,1801.91,-44.14
23860,1802.21,-44.13
23880,1802.53,-43.66
23900,1802.85,-43.11
23920,1803.16,-43.53
23940,1803.47,-42.93
23960,1803.77,-44.44
23980,1804.06,-43.86
24000,1804.35,-40.99
24020,1804.66,-42.65
24040,1804.94,-42.48
24060,1805.23,-44.11
24080,1805.56,-44.03
24100,1805.87,-44.24
24120,1806.18,-42.92
24140,1806.49,-44.3
24160,1806.81,-43.05
24180,1807.09,-44.18
24200,1807.4,-42.27
24220,1807.74,-44.34
24240,1808.04,-44.51
24260,1808.39,-44.33
24280,1808.74,-43.6
24300,1809.03,-43.86
24320,1809.4,-41.79
24340,1809.73,-43.65
24360,1810.05,-43.11
24380,1810.36,-44.07
24400,1810.72,-43.88
24420,1811.06,-44.29
24440,1811.35,-42.3
24460,1811.69,-42.04
24480,1812.02,-44.64
24500,1812.37,-43.01
24520,1812.7,-42.93
24540,1813,-43.63
24560,1813.28,-43.8
24580,1813.57,-42.72
24600,1813.89,-42.02
24620,1814.19,-43.29
24640,1814.49,-42.78
24660,1814.79,-45.76
24680,1815.08,-43.64
24700,1815.37,-44.79
24720,1815.69,-42.48
24740,1815.96,-42.71
24760,1816.3,-43.02
24780,1816.6,-44.34
24800,1816.88,-43.24
24820,1817.14,-45.27
24840,1817.46,-44.28
24860,1817.77,-43.69
24880,1818.11,-44.14
24900,1818.47,-44.93
24920,1818.79,-44.77
24940,1819.1,-43.33
24960,1819.44,-41.88
24980,1819.76,-43.23
25000,1820.06,-42.66
25020,1820.43,-42.41
25040,1820.78,-43.54
25060,1821.11,-42.71
25080,1821.43,-43.66
25100,1821.76,-44.35
25120,1822.06,-44.14
25140,1822.38,-44.35
25160,1822.72,-43.05
25180,1823,-42.74
25200,1823.29,-43.11
25220,1823.58,-43.42
25240,1823.88,-42.35
25260,1824.16,-44.12
25280,1824.46,-43.08
25300,1824.74,-43.91
25320,1825.03,-43.14
25340,1825.33,-44.02
25360,1825.67,-43.4
25380,1826,-42.2
25400,1826.28,-43.45
25420,1826.6,-43.65
25440,1826.9,-45.14
25460,1827.2,-44.36
25480,1827.49,-45.3
25500,1827.78,-44.09
25520,1828.07,-42.41
25540,1828.35,-41.35
25560,1828.63,-42.65
25580,1828.94,-45.02
25600,1829.24,-43.6
25620,1829.53,-43.17
25640,1829.85,-43
25660,1830.13,-44.91
25680,1830.42,-44.45
25700,1830.71,-46.11
25720,1830.99,-43.74
25740,1831.29,-43.94
25760,1831.59,-45.14
25780,1831.89,-43.34
25800,1832.19,-43.46
25820,1832.5,-44.1
25840,1832.79,-43.96
25860,1833.09,-45.11
25880,1833.36,-44.4
25900,1833.64,-44.55
25920,1833.94,-44.51
25940,1834.25,-42.56
25960,1834.53,-43.2
25980,1834.82,-44.36
26000,1835.12,-42.59
26020,1835.45,-44.19
26040,1835.79,-45.64
26060,1836.17,-43.37
26080,1836.53,-42.39
26100,1836.83,-43.78
26120,1837.15,-41.93
26140,1837.5,-44.14
26160,1837.87,-42.56
26180,1838.25,-42.46
26200,1838.64,-41.67
26220,1839.03,-43.1
26240,1839.46,-42.19
26260,1839.83,-44.16
26280,1840.19,-43.22
26300,1840.56,-42.92
26320,1840.92,-43.21
26340,1841.29,-42.18
26360,1841.65,-42.76
26380,1841.99,-42.87
26400,1842.33,-41.74
26420,1842.67,-42.75
26440,1842.98,-42.85
26460,1843.36,-43.4
26480,1843.74,-43.25
26500,1844.13,-42.75
26520,1844.47,-44.69
26540,1844.76,-44.44
26560,1845.05,-46.5
26580,1845.36,-45.54
26600,1845.72,-43.31
26620,1846.02,-43.22
26640,1846.33,-44.2
26660,1846.66,-43.05
26680,1847,-43.1
26700,1847.34,-43.63
26720,1847.66,-43.09
26740,1848,-43.5
26760,1848.3,-44.54
26780,1848.67,-43.78
26800,1849.04,-44.37
26820,1849.36,-44.73
26840,1849.71,-42.85
26860,1850.04,-42.83
26880,1850.39,-44.65
26900,1850.74,-43.44
26920,1851.08,-43.13
26940,1851.42,-44.22
26960,1851.79,-43.1
26980,1852.17,-41.77
27000,1852.51,-43.73
27020,1852.83,-43.44
27040,1853.15,-44
27060,1853.49,-44.59
27080,1853.86,-43.95
27100,1854.21,-42.86
27120,1854.57,-42.44
27140,1854.91,-41.29
27160,1855.2,-44.38
27180,1855.52,-41.8
27200,1855.84,-43.26
27220,1856.18,-43.39
27240,1856.5,-43.19
27260,1856.86,-43.21
27280,1857.23,-43.05
27300,1857.56,-43.45
27320,1857.91,-43.13
27340,1858.23,-44.58
27360,1858.56,-43.26
27380,1858.9,-44.36
27400,1859.24,-43.64
27420,1859.58,-44.89
27440,1859.93,-44.91
27460,1860.22,-43.95
27480,1860.53,-44.47
27500,1860.88,-42.95
27520,1861.22,-42.51
27540,1861.69,-43.01
27560,1862.24,-41.71
27580,1862.75,-41.07
27600,1863.36,-40.93
27620,1863.95,-40.98
27640,1864.58,-39.39
27660,1865.24,-39.42
27680,1865.79,-40.29
27700,1866.38,-40.41
27720,1867.03,-38.84
27740,1867.72,-38.22
27760,1868.43,-38.37
27780,1869.12,-39.46
27800,1869.6,-43.8
27820,1869.9,-43.26
27840,1870.19,-44.26
27860,1870.54,-44.15
27880,1870.85,-41.95
27900,1871.17,-44.87
27920,1871.49,-44.54
27940,1871.82,-43.23
27960,1872.12,-43.67
27980,1872.5,-43.86
28000,1872.81,-44.03
28020,1873.14,-45
28040,1873.46,-44.97
28060,1873.77,-44
28080,1874.1,-44.8
28100,1874.39,-44.92
28120,1874.69,-43.77
28140,1874.97,-43.94
28160,1875.29,-43.08
28180,1875.58,-46.28
28200,1875.9,-43.68
28220,1876.19,-43.65
28240,1876.5,-44.78
28260,1876.84,-44.58
28280,1877.13,-44.91
28300,1877.47,-43.64
28320,1877.79,-42.04
28340,1878.1,-45.54
28360,1878.44,-44.62
28380,1878.75,-42.71
28400,1879.09,-44.9
28420,1879.38,-42.91
28440,1879.75,-43.38
28460,1880.12,-44.1
28480,1880.45,-44.35
28500,1880.75,-45.03
28520,1881.1,-43.34
28540,1881.49,-42.38
28560,1881.84,-43.96
28580,1882.19,-43.12
28600,1882.62,-42.98
28620,1883.1,-40.88
28640,1883.62,-40.77
28660,1884.17,-40.52
28680,1884.75,-40.21
28700,1885.38,-40.17
28720,1885.91,-41.1
28740,1886.57,-40.14
28760,1887.16,-40.78
28780,1887.77,-40.49
28800,1888.47,-38.62
28820,1889.11,-39.1
28840,1889.79,-39.6
28860,1890.48,-40.05
28880,1891.07,-40.01
28900,1891.57,-42.08
28920,1891.96,-43.87
28940,1892.31,-43.58
28960,1892.65,-43.1
28980,1892.95,-43.32
29000,1893.28,-45.38
29020,1893.6,-44.58
29040,1893.92,-44
29060,1894.23,-43.34
29080,1894.52,-43.85
29100,1894.79,-45.15
29120,1895.08,-43.98
29140,1895.35,-44.89
29160,1895.64,-42.89
29180,1895.93,-43.79
29200,1896.2,-45.31
29220,1896.5,-43.82
29240,1896.78,-42.86
29260,1897.05,-45.81
29280,1897.32,-44.05
29300,1897.63,-43.67
29320,1897.89,-44.52
29340,1898.2,-42.8
29360,1898.48,-44.88
29380,1898.78,-43.81
29400,1899.08,-43.22
29420,1899.35,-43.34
29440,1899.61,-43.94
29460,1899.9,-45.35
29480,1900.16,-44.63
29500,1900.4,-43.92
29520,1900.64,-46.36
29540,1900.91,-44.45
29560,1901.16,-44.09
29580,1901.46,-44.61
29600,1901.78,-45.84
29620,1902.06,-46.22
29640,1902.34,-44.46
29660,1902.6,-43.01
29680,1902.87,-44.9
29700,1903.16,-46.45
29720,1903.42,-44.21
29740,1903.67,-46.14
29760,1903.98,-44.54
29780,1904.27,-44.42
29800,1904.57,-43.57
29820,1904.85,-44.05
29840,1905.12,-45.18
29860,1905.42,-44.54
29880,1905.74,-43.74
29900,1906.01,-44.68
29920,1906.28,-44.48
29940,1906.58,-43.72
29960,1906.89,-44.63
29980,1907.22,-44.08
30000,1907.54,-42.98
30020,1907.8,-43.67
30040,1908.09,-45.52
30060,1908.37,-45.7
30080,1908.67,-43.85
30100,1908.95,-44.95
30120,1909.22,-46.25
30140,1909.5,-44.21
30160,1909.77,-45.03
30180,1910.09,-44.59
30200,1910.36,-43.06
30220,1910.63,-45.43
30240,1910.92,-44.55
30260,1911.19,-44.65
30280,1911.46,-45.24
30300,1911.72,-44.76
30320,1912.04,-44.87
30340,1912.33,-43.49
30360,1912.6,-44.28
30380,1912.87,-42.29
30400,1913.19,-43.97
30420,1913.44,-44.73
30440,1913.69,-44.93
30460,1913.92,-45.24
30480,1914.17,-44.77
30500,1914.48,-43.95
30520,1914.78,-43.47
30540,1915.13,-43.49
30560,1915.41,-44.21
30580,1915.75,-42.71
30600,1916.08,-44.22
30620,1916.43,-43.29
30640,1916.77,-43.8
30660,1917.12,-41.58
30680,1917.45,-42.44
30700,1917.81,-43.39
30720,1918.23,-42.22
30740,1918.67,-42.69
30760,1919.11,-42.05
30780,1919.47,-42.01
30800,1919.83,-44.03
30820,1920.21,-45.08
30840,1920.56,-42.83
30860,1920.91,-43.9
30880,1921.27,-42.45
30900,1921.61,-43.19
30920,1921.94,-43.76
30940,1922.22,-44.79
30960,1922.53,-45.37
30980,1922.87,-43.42
31000,1923.16,-44.4
31020,1923.46,-42.99
31040,1923.78,-44.97
31060,1924.13,-41.75
31080,1924.46,-44.27
31100,1924.78,-44.2
31120,1925.11,-44.13
31140,1925.45,-43.08
31160,1925.78,-43.57
31180,1926.08,-42.73
31200,1926.36,-45.16
31220,1926.63,-43.7
31240,1926.96,-44.25
31260,1927.32,-44.18
31280,1927.64,-43.7
31300,1927.94,-43.97
31320,1928.25,-42.79
31340,1928.56,-43.63
31360,1928.83,-43.67
31380,1929.15,-44.36
31400,1929.45,-45.2
31420,1929.77,-43.57
31440,1930.07,-43.09
31460,1930.35,-44.57
31480,1930.66,-41.65
31500,1930.96,-43.28
31520,1931.24,-45.39
31540,1931.55,-43.86
31560,1931.85,-43.37
31580,1932.15,-44.74
31600,1932.51,-43.33
31620,1932.83,-43.98
31640,1933.15,-44.19
31660,1933.48,-43.69
31680,1933.8,-44.29
31700,1934.11,-43.64
31720,1934.47,-43.2
31740,1934.8,-42.67
31760,1935.12,-43.16
31780,1935.46,-45.06
31800,1935.79,-43.26
31820,1936.11,-43.37
31840,1936.42,-43.5
31860,1936.74,-45.22
31880,1937.04,-42.81
31900,1937.36,-44.89
31920,1937.65,-42.76
31940,1937.97,-44.23
31960,1938.28,-43.48
31980,1938.6,-44.16
32000,1938.95,-42.54
32020,1939.32,-44.45
32040,1939.68,-43.87
32060,1940.03,-41.4
32080,1940.48,-41.72
32100,1940.9,-41.23
32120,1941.39,-42.79
32140,1941.84,-40.5
32160,1942.31,-41.06
32180,1942.82,-40.69
32200,1943.31,-40.85
32220,1943.82,-40.59
32240,1944.26,-39.86
32260,1944.73,-40.34
32280,1945.23,-40.7
32300,1945.83,-40.51
32320,1946.41,-40.7
32340,1946.96,-40.42
32360,1947.49,-40.44
32380,1948.01,-39.83
32400,1948.59,-39.04
32420,1949.2,-40.38
32440,1949.79,-39.61
32460,1950.41,-38.81
32480,1951.02,-38.91
32500,1951.65,-40.14
32520,1952.12,-42.38
32540,1952.45,-43.82
32560,1952.71,-43.57
32580,1953,-44.14
32600,1953.27,-43.77
32620,1953.58,-43.67
32640,1953.92,-43.3
32660,1954.26,-44.81
32680,1954.58,-43.29
32700,1954.82,-45.77
32720,1955.1,-44.61
32740,1955.38,-44.58
32760,1955.67,-43.09
32780,1955.96,-43.42
32800,1956.25,-45.03
32820,1956.53,-45.25
32840,1956.82,-44.84
32860,1957.11,-44.81
32880,1957.42,-45.78
32900,1957.72,-44.23
32920,1958.02,-44.07
32940,1958.28,-43.85
32960,1958.57,-42.07
32980,1958.85,-42.72
33000,1959.16,-44.33
33020,1959.46,-43.76
33040,1959.76,-43.83
33060,1960.01,-42.67
33080,1960.25,-43.84
33100,1960.55,-44.33
33120,1960.82,-44.15
33140,1961.07,-44.25
33160,1961.35,-43.29
33180,1961.65,-42.87
33200,1961.91,-42.7
33220,1962.23,-43.14
33240,1962.49,-44.7
33260,1962.76,-43.02
33280,1963.03,-43.44
33300,1963.32,-43.61
33320,1963.61,-45.89
33340,1963.95,-43.29
33360,1964.3,-43.35
33380,1964.62,-41.9
33400,1965.14,-41.15
33420,1965.64,-41.56
33440,1966.18,-40.98
33460,1966.73,-39.74
33480,1967.27,-40.08
33500,1967.79,-39.61
33520,1968.38,-40.44
33540,1968.97,-40.32
33560,1969.54,-38.92
33580,1970.1,-39.98
33600,1970.7,-39.96
33620,1971.23,-39.7
33640,1971.75,-39.91
33660,1972.32,-40.07
33680,1972.97,-38.59
33700,1973.59,-39.06
33720,1974.16,-39.83
33740,1974.55,-40.52
33760,1974.91,-41.82
33780,1975.29,-41.98
33800,1975.62,-42.06
33820,1975.97,-42.39
33840,1976.34,-42.4
33860,1976.65,-42.16
33880,1977,-44.12
33900,1977.33,-41.36
33920,1977.65,-43.39
33940,1977.99,-42.95
33960,1978.28,-42.82
33980,1978.58,-44.86
34000,1978.9,-42.81
34020,1979.21,-43.39
34040,1979.53,-42.27
34060,1979.86,-42.68
34080,1980.14,-43.05
34100,1980.42,-42.22
34120,1980.7,-43.3
34140,1981.02,-43.07
34160,1981.33,-42.13
34180,1981.63,-42.34
34200,1981.91,-43.38
34220,1982.21,-43.15
34240,1982.55,-41.84
34260,1982.85,-42.67
34280,1983.13,-42.3
34300,1983.48,-43.47
34320,1983.78,-44.04
34340,1984.08,-43.38
34360,1984.38,-42.35
34380,1984.69,-42.41
34400,1984.99,-44.39
34420,1985.31,-42.63
34440,1985.64,-43.15
34460,1986,-42.33
34480,1986.32,-41.98
34500,1986.56,-43.23
34520,1986.87,-42.7
34540,1987.14,-43.39
34560,1987.43,-43.95
34580,1987.71,-42.59
34600,1988,-43.1
34620,1988.31,-43.92
34640,1988.61,-43.51
34660,1988.88,-41.78
34680,1989.26,-41.32
34700,1989.58,-42.26
34720,1989.94,-43.09
34740,1990.28,-44.35
34760,1990.74,-40.9
34780,1991.25,-40.22
34800,1991.75,-39.35
34820,1992.28,-40.4
34840,1992.79,-40.99
34860,1993.3,-40.21
34880,1993.79,-40.35
34900,1994.21,-41.16
34920,1994.67,-40.45
34940,1995.19,-41.79
34960,1995.66,-40.08
34980,1996.15,-41.3
35000,1996.54,-41.06
35020,1997.04,-41.15
35040,1997.52,-40.04
35060,1998.06,-39.72
35080,1998.5,-39.08
35100,1999.04,-39.52
35120,1999.58,-40.02
35140,2000.08,-40.36
35160,2000.63,-39.75
35180,2001.14,-39.31
35200,2001.7,-40.11
35220,2002.23,-40.46
35240,2002.75,-38.74
35260,2003.34,-39.64
35280,2003.89,-39.32
35300,2004.43,-39.82
35320,2005,-39.21
35340,2005.55,-39.61
35360,2006.09,-38.48
35380,2006.65,-38.81
35400,2007.16,-39.45
35420,2007.75,-38.8
35440,2008.32,-38.25
35460,2008.88,-39.18
35480,2009.44,-39.46
35500,2009.93,-40.96
35520,2010.33,-42.74
35540,2010.7,-42.95
35560,2011.04,-44.65
35580,2011.36,-40.86
35600,2011.65,-43.18
35620,2011.94,-42.78
35640,2012.23,-42.88
35660,2012.49,-41.54
35680,2012.82,-42.92
35700,2013.11,-42.91
35720,2013.43,-41.75
35740,2013.71,-41.57
35760,2014.03,-41.3
35780,2014.28,-44.02
35800,2014.58,-43.05
35820,2014.88,-43.14
35840,2015.18,-44.11
35860,2015.47,-44.88
35880,2015.75,-44.37
35900,2016.04,-44.75
35920,2016.33,-43.88
35940,2016.6,-44.02
35960,2016.91,-41.76
35980,2017.22,-43.07
36000,2017.51,-42.45
36020,2017.8,-43.33
36040,2018.1,-43.34
36060,2018.37,-43.63
36080,2018.69,-43.2
36100,2018.98,-43.09
36120,2019.27,-43.11
36140,2019.55,-42.56
36160,2019.82,-43.05
36180,2020.11,-42.43
36200,2020.42,-40.64
36220,2020.7,-43.78
36240,2021,-42.71
36260,2021.32,-43.12
36280,2021.63,-43.18
36300,2021.94,-44.56
36320,2022.25,-42.31
36340,2022.54,-43.35
36360,2022.85,-41.17
36380,2023.16,-41.89
36400,2023.5,-42.49
36420,2023.83,-43.57
36440,2024.15,-41.99
36460,2024.53,-43.74
36480,2024.97,-41.83
36500,2025.35,-41.87
36520,2025.71,-41.4
36540,2026.02,-43.4
36560,2026.33,-43
36580,2026.66,-43.04
36600,2027.03,-42.38
36620,2027.43,-41.52
36640,2027.78,-41.92
36660,2028.17,-39.88
36680,2028.6,-40.22
36700,2029.03,-41.79
36720,2029.47,-41.09
36740,2029.9,-40.73
36760,2030.34,-41.32
36780,2030.75,-41.36
36800,2031.2,-41.23
36820,2031.65,-41.37
36840,2032.15,-39.93
36860,2032.67,-41.13
36880,2033.18,-41.21
36900,2033.57,-41.19
36920,2033.93,-41.51
36940,2034.33,-41.47
36960,2034.74,-42.16
36980,2035.18,-41.18
37000,2035.62,-41.03
37020,2036.05,-40.84
37040,2036.52,-41.21
37060,2036.96,-41.45
37080,2037.39,-40.73
37100,2037.8,-40.78
37120,2038.23,-41.31
37140,2038.66,-40.04
37160,2039.16,-40.52
37180,2039.68,-40.26
37200,2040.22,-39.92
37220,2040.77,-39.47
37240,2041.31,-39.69
37260,2041.83,-39.35
37280,2042.36,-40.4
37300,2042.92,-39.95
37320,2043.46,-39.39
37340,2044.01,-38.89
37360,2044.54,-39.43
37380,2045.05,-40.84
37400,2045.54,-40.19
37420,2046.08,-40.76
37440,2046.67,-39.03
37460,2047.21,-39.16
37480,2047.79,-38.75
37500,2048.37,-38.55
37520,2048.97,-39.31
37540,2049.53,-39.96
37560,2050.11,-38.6
37580,2050.66,-38.63
37600,2051.29,-38.5
37620,2051.89,-39.6
37640,2052.44,-39.04
37660,2053.04,-38.7
37680,2053.65,-39.19
37700,2054.25,-38.56
37720,2054.86,-38.73
37740,2055.39,-39.29
37760,2055.97,-38.75
37780,2056.53,-39.11
37800,2057.08,-38.89
37820,2057.7,-39.04
37840,2058.28,-39.37
37860,2058.86,-38.75
37880,2059.44,-39.66
37900,2060.05,-39.17
37920,2060.71,-38.92
37940,2061.26,-39.18
37960,2061.84,-38.97
37980,2062.49,-38.13
38000,2063.13,-39.07
38020,2063.68,-38.88
38040,2064.33,-38.16
38060,2064.99,-38.75
38080,2065.63,-39.01
38100,2066.22,-38.67
38120,2066.9,-38.21
38140,2067.6,-37.87
38160,2068.25,-38.22
38180,2068.9,-38.53
38200,2069.5,-37.58
38220,2070.02,-39.55
38240,2070.4,-42.16
38260,2070.71,-41.77
38280,2071.02,-42.12
38300,2071.33,-42.1
38320,2071.7,-42.05
38340,2072.04,-42.62
38360,2072.39,-43.3
38380,2072.7,-43.48
38400,2072.99,-41.51
38420,2073.28,-43.54
38440,2073.59,-39.9
38460,2073.92,-41.88
38480,2074.17,-43.58
38500,2074.52,-41.92
38520,2074.82,-41.41
38540,2075.11,-44.24
38560,2075.39,-43
38580,2075.73,-43.1
38600,2076.04,-41.8
38620,2076.3,-44.31
38640,2076.59,-42.12
38660,2076.91,-42.77
38680,2077.2,-42.74
38700,2077.49,-43.76
38720,2077.77,-44.41
38740,2078.08,-42.34
38760,2078.39,-43.42
38780,2078.7,-42.78
38800,2079.03,-44.18
38820,2079.3,-43.23
38840,2079.64,-43.39
38860,2079.88,-43.54
38880,2080.19,-42.41
38900,2080.47,-41.67
38920,2080.75,-42.86
38940,2081.07,-43.23
38960,2081.42,-41.34
38980,2081.76,-42.51
39000,2082.05,-41.68
39020,2082.36,-43.85
39040,2082.69,-44.43
39060,2082.97,-45.16
39080,2083.24,-42.13
39100,2083.51,-43.08
39120,2083.8,-44.58
39140,2084.05,-43.24
39160,2084.36,-43.68
39180,2084.66,-43.45
39200,2084.96,-42.28
39220,2085.23,-43
39240,2085.52,-44.15
39260,2085.83,-43.43
39280,2086.09,-44.21
39300,2086.37,-43.4
39320,2086.65,-42.61
39340,2086.93,-44.15
39360,2087.19,-42.37
39380,2087.5,-43.58
39400,2087.84,-43.74
39420,2088.1,-43.61
39440,2088.42,-41.92
39460,2088.7,-41.65
39480,2088.95,-44.66
39500,2089.21,-44.17
39520,2089.47,-44.32
39540,2089.75,-43.43
39560,2090.04,-42.24
39580,2090.3,-42.56
39600,2090.59,-41.71
39620,2090.85,-44.69
39640,2091.15,-43.47
39660,2091.39,-43.03
39680,2091.65,-42.35
39700,2091.94,-42.48
39720,2092.18,-43.06
39740,2092.46,-44.26
39760,2092.72,-42.15
39780,2092.97,-43.67
39800,2093.23,-42.32
39820,2093.49,-42.84
39840,2093.74,-44.11
39860,2094,-43.49
39880,2094.31,-43.54
39900,2094.64,-42.61
39920,2094.97,-42.21
39940,2095.27,-42.19
39960,2095.58,-42.19
39980,2095.92,-41.6
40000,2096.31,-40.85
40020,2096.73,-40.35
40040,2097.14,-40.83
40060,2097.56,-40.71
40080,2097.98,-40.5
40100,2098.4,-39.67
40120,2098.85,-40.59
40140,2099.25,-39.45
40160,2099.61,-40.84
40180,2099.97,-42.55
40200,2100.35,-43.72
40220,2100.68,-42.58
40240,2100.97,-42.09
40260,2101.28,-42.53
40280,2101.63,-42.07
40300,2101.93,-42.49
40320,2102.26,-42.12
40340,2102.6,-41.98
40360,2102.93,-42.4
40380,2103.28,-42.41
40400,2103.59,-41.76
40420,2103.87,-42.37
40440,2104.13,-42.28
40460,2104.43,-43
40480,2104.73,-42.07
40500,2105.04,-42.32
40520,2105.36,-41.79
40540,2105.67,-41.92
40560,2105.97,-42.41
40580,2106.26,-43.4
40600,2106.57,-43
40620,2106.89,-42.58
40640,2107.21,-45.42
40660,2107.54,-42.57
40680,2107.86,-42.49
40700,2108.16,-42.86
40720,2108.43,-44.29
40740,2108.81,-42.54
40760,2109.13,-44.53
40780,2109.4,-43.86
40800,2109.71,-43.19
40820,2110.05,-41.04
40840,2110.34,-42.59
40860,2110.69,-41.46
40880,2111.04,-42.63
40900,2111.37,-41.98
40920,2111.71,-42.35
40940,2112.04,-41.3
40960,2112.38,-42.16
40980,2112.78,-40.41
41000,2113.17,-41.18
41020,2113.62,-40.8
41040,2114.03,-39.59
41060,2114.42,-39.83
41080,2114.79,-40.35
41100,2115.2,-39.6
41120,2115.67,-39.22
41140,2116.07,-40.36
41160,2116.57,-39.7
41180,2117.01,-41.25
41200,2117.49,-39.25
41220,2117.94,-39.36
41240,2118.39,-40.13
41260,2118.92,-39.84
41280,2119.42,-39.94
41300,2119.93,-38.34
41320,2120.41,-39.47
41340,2120.91,-39.41
41360,2121.4,-39.97
41380,2121.89,-38.94
41400,2122.45,-38.82
41420,2123.02,-38.56
41440,2123.6,-38.36
41460,2124.03,-39.79
41480,2124.45,-41.75
41500,2124.72,-43.22
41520,2125.02,-42.27
41540,2125.35,-41.32
41560,2125.67,-43.49
41580,2125.95,-42.76
41600,2126.21,-42.71
41620,2126.48,-41.75
41640,2126.79,-42.31
41660,2127.06,-41.7
41680,2127.35,-43.61
41700,2127.64,-42.91
41720,2127.94,-41.92
41740,2128.2,-41.67
41760,2128.48,-43.75
